{
  "Non Venomous": {
    "precision": 0.7009569377990431,
    "recall": 0.7751322751322751,
    "f1-score": 0.7361809045226131,
    "support": 378.0
  },
  "Venomous": {
    "precision": 0.7578347578347578,
    "recall": 0.680306905370844,
    "f1-score": 0.7169811320754716,
    "support": 391.0
  },
  "accuracy": 0.7269180754226268,
  "macro avg": {
    "precision": 0.7293958478169005,
    "recall": 0.7277195902515596,
    "f1-score": 0.7265810182990424,
    "support": 769.0
  },
  "weighted avg": {
    "precision": 0.7298766096247445,
    "recall": 0.7269180754226268,
    "f1-score": 0.726418731535835,
    "support": 769.0
  }
}